{
  "build": "official",
  "commit": "a738914965e2",
  "hardware_label": "Linux x86_64 runnervmrc6n4",
  "measurements": {
    "actual_duration_seconds": 58.110107352,
    "actual_rows_per_second": 51.62613074912428,
    "actual_snapshots_per_second": 0.5162613074912428,
    "catalog_qps_avg": 3.6138291524386994,
    "catalog_queries_estimated": 210,
    "cdc_changes_calls": 30,
    "cdc_commit_calls": 30,
    "cdc_window_calls": 150,
    "cdc_window_empty_calls": 120,
    "cdc_window_non_empty_calls": 30,
    "consumed_events": 3000,
    "consumed_events_per_second": 51.62613074912428,
    "empty_window_ratio": 0.8,
    "end_to_end_latency_ms": {
      "max": 74.468925,
      "mean": 66.45549626666666,
      "p50": 66.001982,
      "p95": 68.187642,
      "p99": 74.468925
    },
    "lag_snapshots_max": 0,
    "load_profile": "flat",
    "operation_ms": {
      "cdc_changes": {
        "max": 55.916081,
        "mean": 45.229636199999995,
        "p50": 44.917236,
        "p95": 45.6240473,
        "p99": 52.99632098000001
      },
      "cdc_commit": {
        "max": 6.274965,
        "mean": 6.1061467333333335,
        "p50": 6.131455000000001,
        "p95": 6.268661999999999,
        "p99": 6.2731815
      },
      "cdc_window": {
        "max": 11.113195,
        "mean": 9.122396433333334,
        "p50": 8.8680305,
        "p95": 10.655829749999999,
        "p99": 10.99679992
      },
      "cdc_window_empty": {
        "max": 9.82987,
        "mean": 8.802119925,
        "p50": 8.752787999999999,
        "p95": 9.3769607,
        "p99": 9.73246541
      },
      "producer_insert": {
        "max": 11.233555,
        "mean": 10.678462833333333,
        "p50": 10.7599695,
        "p95": 11.12890395,
        "p99": 11.214487790000002
      }
    },
    "planned_snapshots": 30,
    "produced_rows": 3000,
    "producer_inserts": 30,
    "scheduled_duration_seconds": 60,
    "target_rows_per_snapshot": 100,
    "target_snapshots_per_second": 0.5,
    "workload_name": "empty-window"
  },
  "result_schema_version": 1,
  "run_id": "408d5b9a-1810-4adf-bae4-8b517c6e431a",
  "runtime": "official",
  "soft_gates": {
    "catalog_qps_avg_lte": 5,
    "lag_snapshots_max_lte": 0
  },
  "timestamp_utc": "2026-05-01T07:37:42.841509+00:00",
  "workload": {
    "consumers": 1,
    "duration_seconds": 60,
    "empty_window_ratio": 0.8,
    "load_profile": "flat",
    "max_snapshots": 100,
    "name": "empty-window",
    "target_rows_per_snapshot": 100,
    "target_snapshots_per_second": 0.5
  }
}
