{
  "build": "official",
  "commit": "511ac2a50c44",
  "hardware_label": "Linux x86_64 runnervmrc6n4",
  "measurements": {
    "actual_duration_seconds": 58.259897321000004,
    "actual_rows_per_second": 51.493396623592034,
    "actual_snapshots_per_second": 0.5149339662359204,
    "catalog_qps_avg": 1.544801898707761,
    "catalog_queries_estimated": 90,
    "cdc_changes_calls": 30,
    "cdc_commit_calls": 30,
    "cdc_window_calls": 30,
    "consumed_events": 3000,
    "consumed_events_per_second": 51.493396623592034,
    "end_to_end_latency_ms": {
      "max": 201.104711,
      "mean": 156.273417,
      "p50": 155.797734,
      "p95": 193.921478,
      "p99": 201.104711
    },
    "lag_snapshots_max": 0,
    "load_profile": "flat",
    "operation_ms": {
      "cdc_changes": {
        "max": 125.217664,
        "mean": 94.05600913333333,
        "p50": 93.048247,
        "p95": 114.50844314999998,
        "p99": 122.73459932
      },
      "cdc_commit": {
        "max": 58.659666,
        "mean": 44.40756673333333,
        "p50": 45.19542,
        "p95": 56.9963318,
        "p99": 58.192642750000005
      },
      "cdc_window": {
        "max": 67.656754,
        "mean": 50.38661093333334,
        "p50": 51.130219,
        "p95": 64.6949522,
        "p99": 66.99558648000001
      },
      "producer_insert": {
        "max": 13.268166,
        "mean": 11.7178008,
        "p50": 11.7897395,
        "p95": 12.21621145,
        "p99": 12.968493920000002
      }
    },
    "planned_snapshots": 30,
    "produced_rows": 3000,
    "producer_inserts": 30,
    "scheduled_duration_seconds": 60,
    "target_rows_per_snapshot": 100,
    "target_snapshots_per_second": 0.5,
    "workload_name": "light"
  },
  "result_schema_version": 1,
  "run_id": "ea8934df-eb95-4eb5-9fd5-d7bf450ea2f3",
  "runtime": "official",
  "soft_gates": {
    "catalog_qps_avg_lte": 5,
    "lag_snapshots_max_lte": 0
  },
  "timestamp_utc": "2026-04-30T09:30:50.452297+00:00",
  "workload": {
    "consumers": 1,
    "duration_seconds": 60,
    "load_profile": "flat",
    "max_snapshots": 100,
    "name": "light",
    "target_rows_per_snapshot": 100,
    "target_snapshots_per_second": 0.5
  }
}
