{
  "build": "official",
  "commit": "fa747a49f43b",
  "hardware_label": "Linux x86_64 runnervmrc6n4",
  "measurements": {
    "actual_duration_seconds": 58.09034073500001,
    "actual_rows_per_second": 51.643697765271845,
    "actual_snapshots_per_second": 0.5164369776527185,
    "catalog_qps_avg": 1.5493109329581554,
    "catalog_queries_estimated": 90,
    "cdc_changes_calls": 30,
    "cdc_commit_calls": 30,
    "cdc_window_calls": 30,
    "consumed_events": 3000,
    "consumed_events_per_second": 51.643697765271845,
    "end_to_end_latency_ms": {
      "max": 93.20201,
      "mean": 78.61075823333334,
      "p50": 77.943239,
      "p95": 79.931673,
      "p99": 93.20201
    },
    "lag_snapshots_max": 0,
    "load_profile": "flat",
    "operation_ms": {
      "cdc_changes": {
        "max": 69.954032,
        "mean": 52.88722416666667,
        "p50": 52.1843805,
        "p95": 53.360456,
        "p99": 65.18679479000001
      },
      "cdc_commit": {
        "max": 12.78313,
        "mean": 12.1884316,
        "p50": 12.1626555,
        "p95": 12.5759026,
        "p99": 12.73521649
      },
      "cdc_window": {
        "max": 16.996304,
        "mean": 15.558029566666667,
        "p50": 15.4667365,
        "p95": 16.1596714,
        "p99": 16.77035166
      },
      "producer_insert": {
        "max": 11.691088,
        "mean": 10.056497799999999,
        "p50": 10.042956499999999,
        "p95": 10.6602851,
        "p99": 11.447957220000001
      }
    },
    "planned_snapshots": 30,
    "produced_rows": 3000,
    "producer_inserts": 30,
    "scheduled_duration_seconds": 60,
    "target_rows_per_snapshot": 100,
    "target_snapshots_per_second": 0.5,
    "workload_name": "light"
  },
  "result_schema_version": 1,
  "run_id": "ceeec6fd-a85d-4c88-b2d0-96699d89cfbb",
  "runtime": "official",
  "soft_gates": {
    "catalog_qps_avg_lte": 5,
    "lag_snapshots_max_lte": 0
  },
  "timestamp_utc": "2026-04-30T19:29:22.796277+00:00",
  "workload": {
    "consumers": 1,
    "duration_seconds": 60,
    "load_profile": "flat",
    "max_snapshots": 100,
    "name": "light",
    "target_rows_per_snapshot": 100,
    "target_snapshots_per_second": 0.5
  }
}
