{
  "build": "official",
  "commit": "cda493e06944",
  "hardware_label": "Linux x86_64 runnervmrc6n4",
  "measurements": {
    "actual_duration_seconds": 58.07190073899994,
    "actual_rows_per_second": 51.660096566897096,
    "actual_snapshots_per_second": 0.516600965668971,
    "catalog_qps_avg": 1.5498028970069129,
    "catalog_queries_estimated": 90,
    "cdc_changes_calls": 30,
    "cdc_commit_calls": 30,
    "cdc_window_calls": 30,
    "consumed_events": 3000,
    "consumed_events_per_second": 51.660096566897096,
    "end_to_end_latency_ms": {
      "max": 77.198088,
      "mean": 65.46273836666667,
      "p50": 64.28559150000001,
      "p95": 76.034445,
      "p99": 77.198088
    },
    "lag_snapshots_max": 0,
    "load_profile": "flat",
    "operation_ms": {
      "cdc_changes": {
        "max": 60.229527,
        "mean": 45.23901816666667,
        "p50": 43.8364215,
        "p95": 52.108478799999986,
        "p99": 58.64960033
      },
      "cdc_commit": {
        "max": 6.95473,
        "mean": 6.079142833333333,
        "p50": 6.0472745,
        "p95": 6.66142825,
        "p99": 6.90749335
      },
      "cdc_window": {
        "max": 11.21325,
        "mean": 10.117295933333333,
        "p50": 10.127608500000001,
        "p95": 10.7134231,
        "p99": 11.07266699
      },
      "producer_insert": {
        "max": 11.846148,
        "mean": 9.998956233333333,
        "p50": 9.9449495,
        "p95": 10.736267849999999,
        "p99": 11.59090131
      }
    },
    "planned_snapshots": 30,
    "produced_rows": 3000,
    "producer_inserts": 30,
    "scheduled_duration_seconds": 60,
    "target_rows_per_snapshot": 100,
    "target_snapshots_per_second": 0.5,
    "workload_name": "light"
  },
  "result_schema_version": 1,
  "run_id": "91dbb952-6073-4e97-88fc-831c321af6f1",
  "runtime": "official",
  "soft_gates": {
    "catalog_qps_avg_lte": 5,
    "lag_snapshots_max_lte": 0
  },
  "timestamp_utc": "2026-05-01T05:50:09.689146+00:00",
  "workload": {
    "consumers": 1,
    "duration_seconds": 60,
    "load_profile": "flat",
    "max_snapshots": 100,
    "name": "light",
    "target_rows_per_snapshot": 100,
    "target_snapshots_per_second": 0.5
  }
}
